{
  "accuracy": 0.5398773006134969,
  "macro_f1": 0.5268081555333723,
  "per_class": {
    "baseline": {
      "precision": 0.43555555555555553,
      "recall": 0.6533333333333333,
      "f1-score": 0.5226666666666666,
      "support": 150.0
    },
    "stress": {
      "precision": 0.7555555555555555,
      "recall": 0.3333333333333333,
      "f1-score": 0.46258503401360546,
      "support": 102.0
    },
    "aerobic": {
      "precision": 0.6108374384236454,
      "recall": 0.62,
      "f1-score": 0.6153846153846154,
      "support": 200.0
    },
    "anaerobic": {
      "precision": 0.5363128491620112,
      "recall": 0.48,
      "f1-score": 0.5065963060686016,
      "support": 200.0
    }
  },
  "test_subjects": [
    "S02",
    "S03",
    "S09",
    "S14",
    "S15",
    "f17"
  ],
  "n_test_windows": 652
}